<?xml version="1.0" encoding="utf-8" standalone="yes" ?>
<Window size="545,440" caption="0,0,0,-1">
	<Font name="微软雅黑" size="12" bold="false"  default="true" />
	<Font name="微软雅黑" size="14" bold="false"   />
	<Font name="宋体" size="10" bold="false" />
	<VerticalLayout name="bkgroud"   bkcolor="#FFC5E9FF" >	
		<VerticalLayout name="border" bkimage="file='border.png' corner='2,2,2,2'" >
		<!--<VerticalLayout  name="loadingview" visible="true"> 
			<VerticalLayout >
				<HorizontalLayout height="28">
					<HorizontalLayout>
						<Label name="loading_title" text="软件更新" float="true" pos="0,0,0,0" width="150" height="28" textpadding="11, 0,0,0" />
					</HorizontalLayout>
					<HorizontalLayout width="61">
						<Button name="loading_minbtn" float="true" pos="0,0,0,0" width="29" height="16" maxheight="16" maxwidth="16"  
													normalimage="file='minbtn1.png'"
													hotimage="file='minbtn2.png'"
													pushedimage="file='minbtn3.png'"  />
						<Button name="loading_closebtn"  float="true" pos="29,0, 0, 0" width="36" height="16" maxheight="16" maxwidth="16" 
													normalimage="file='closebtn1.png'" 
													hotimage="file='closebtn2.png'"
													pushedimage="file='closebtn3.png'"  />	
					</HorizontalLayout>		
				</HorizontalLayout>
				<HorizontalLayout />
			</VerticalLayout>
			<VerticalLayout height="18">
				<GifControl name="loadinggif" float="true" pos="10, 0,0,0" width="322" height="18" NormalGifFile="loading.gif" />
			</VerticalLayout>
			<VerticalLayout />
		</VerticalLayout>
		-->
				<VerticalLayout  visible="true">
				<VerticalLayout>
					<HorizontalLayout  height="28">
						<HorizontalLayout>
							<Label name="title" text="软件更新" float="true" pos="0,0,0,0" width="150" height="28" textpadding="11, 0,0,0" textcolor="#FFFFFFFF" />
						</HorizontalLayout>
						<HorizontalLayout width="61">
							<Button name="minbtn" float="true" pos="0,0,0,0" width="29" height="16" maxheight="16" maxwidth="16"  
														normalimage="file='minbtn1.png'"
														hotimage="file='minbtn2.png'"
														pushedimage="file='minbtn3.png'"  />
							<Button name="closebtn"  float="true" pos="29,0, 0, 0" width="36" height="16" maxheight="16" maxwidth="16" 
														normalimage="file='closebtn1.png'" 
														hotimage="file='closebtn2.png'"
														pushedimage="file='closebtn3.png'"  />	
						</HorizontalLayout>			
					</HorizontalLayout>
					<HorizontalLayout />
				</VerticalLayout>
				<VerticalLayout name="loadingview" height="50" visible="true">
					<HorizontalLayout height="30">
						<Label text="Loading"  height="22"	font="1" align="center"  textcolor="#FFFFFFFF" />
					</HorizontalLayout>
					<HorizontalLayout>
						<HorizontalLayout />
						<HorizontalLayout width="322">
							<GifControl name="loadinggif" height="18" NormalGifFile="loading.gif" borderround="6, 6" />
						</HorizontalLayout>
						<HorizontalLayout  />
					</HorizontalLayout>
				</VerticalLayout>
				<VerticalLayout name="arrowbtncontainer" height="35" visible="true" >
					
				</VerticalLayout>
				<VerticalLayout >
					<HorizontalLayout />
					<HorizontalLayout name="btncontainer"  height="20">
						
					</HorizontalLayout>
				</VerticalLayout>
			</VerticalLayout>
			
			<!--<VerticalLayout padding="10,0,10, 0" height="94">-->
				<!--滚动条按钮等显示区域-->
				<VerticalLayout name="updateview" padding="10,0,10, 0" height="94" visible="false">
					<HorizontalLayout height="16" />
					<HorizontalLayout height="20">
						<Label name="updatetip" text="" textcolor="#FF666666" />
					</HorizontalLayout>
					<HorizontalLayout>
						<HorizontalLayout />
						<HorizontalLayout width="118" >
							<Button
								name="updateOK_btn" text="确定" float="true" pos="0,17 , 0,0" width="55" height="30" 
								normalimage="file='bt1_1.png' corner='2,2,2,2'"
								hotimage="file='bt1_2.png' corner='2,2,2,2'"
								pushedimage="file='bt1_3.png' corner='2,2,2,2'" /> 
							<Button name="updateCancel_btn" text="取消" float="true" pos="63, 17,0,0" width="55" height="30" 
								normalimage="file='bt2_1.png' corner='2,2,2,2'"
								hotimage="file='bt2_2.png' corner='2,2,2,2'"
								pushedimage="file='bt2_3.png' corner='2,2,2,2'" />
						</HorizontalLayout>
					</HorizontalLayout>
				</VerticalLayout>
				
				<VerticalLayout name="downloadview"  padding="10,0,10, 0" height="94" visible="false" >
					<VerticalLayout height="38">
						<HorizontalLayout  height="16"/>
						<HorizontalLayout height="20">
							<Label name="downloadtip" text="" height="20" align="left" textcolor="#FF666666" />
						</HorizontalLayout>
						<HorizontalLayout />
					</VerticalLayout>
					<HorizontalLayout  height="9">
							<Progress name="downloadprogress"  height="9" text="0%"  align="right" min="0" max="100" value="0" textpadding="0,0,2,0"
							foreimage="file='jindufore.png'  corner='4,4,4,4' " 
							bkimage="file='jindubk.png' corner='4,5,4,4'"
							font="2" 
							textcolor="#FF999999" />
		
					</HorizontalLayout>
					<HorizontalLayout>	
						<HorizontalLayout />
			
						<HorizontalLayout width="55" >

							<Button name="downloadcancel_btn" text="取消" float="true" pos="0, 6,0,0" width="55" height="30" 
								normalimage="file='bt2_1.png' corner='2,2,2,2'"
								hotimage="file='bt2_2.png' corner='2,2,2,2'"
								pushedimage="file='bt2_3.png' corner='2,2,2,2'" />
						</HorizontalLayout>

					</HorizontalLayout>					
				</VerticalLayout>
				<VerticalLayout name="installview"  padding="10,0,10, 0" height="94" visible="false">
					<VerticalLayout>
						<HorizontalLayout height="16" />
						<HorizontalLayout height="20" >
							<Label name="installtip" text="正在安装" float="true" pos="0,0, 0,0" width="300" height="20" textcolor="#FF666666" />
						</HorizontalLayout>
						<VerticalLayout />
					</VerticalLayout>
					
					<HorizontalLayout height="9">
						<Progress name="installprogress"  height="9" text="10%" align="right"  min="0" max="100" value="0" textpadding="0,0,4,0"
							foreimage="file='jindufore.png'  corner='3,9,3,5' " 
							bkimage="file='jindubk.png' corner='4,4,4,4'"
							font="2" 
							textcolor="#FF999999" />
					</HorizontalLayout>
					<HorizontalLayout />
					
				</VerticalLayout>
				<VerticalLayout name="completeview"  padding="10,0,10, 0"  height="94" height="94" visible="false">
					<VerticalLayout height="53">
						<Control float="true" pos="0,20,0,0" width="36" height="26" bkimage="file='succeed.png'" />
						<Label name="completetip" text="IM溜溜V1.0.0.2已经安装成功" float="true" pos="46,22, 0,0" width="300" height="20" textcolor="#FF666666" />
					</VerticalLayout>		
					<HorizontalLayout>
						<HorizontalLayout />
						<HorizontalLayout width="55">
							<Button name="installok_btn" text="完成" float="true" pos="0, 0,0,0" width="55" height="30" 
								normalimage="file='bt1_1.png' corner='2,2,2,2'"
								hotimage="file='bt1_2.png' corner='2,2,2,2'"
								pushedimage="file='bt1_3.png' corner='2,2,2,2'" />
						</HorizontalLayout>
						
					</HorizontalLayout>
				</VerticalLayout>
				<VerticalLayout name="errorview"   padding="10,0,10, 0"  height="94" height="94" visible="false">
					<VerticalLayout height="53">
						<Control float="true" pos="0,20,0,0" width="24" height="24" bkimage="file='error.png'" />
						<Label name="errortip" text="IM溜溜更新失败,请重新安装" float="true" pos="46,22, 0,0" width="400" height="20" textcolor="#FF666666" />
					</VerticalLayout>		
					<HorizontalLayout>
						<HorizontalLayout />
						<HorizontalLayout width="55">
							<Button name="install_error" text="退出" float="true" pos="0, 0,0,0" width="55" height="30" 
								normalimage="file='bt1_1.png' corner='2,2,2,2'"
								hotimage="file='bt1_2.png' corner='2,2,2,2'"
								pushedimage="file='bt1_3.png' corner='2,2,2,2'" />
						</HorizontalLayout>
						
					</HorizontalLayout>
				</VerticalLayout>
				
			
		<!--</VerticalLayout> -->
		</VerticalLayout>
	</VerticalLayout>
</Window>
